r,store,emphasis,word
r1,Saks,casual,fouRth
r1,Saks,casual,fouRth
r1,Saks,casual,fouRth
r1,Saks,casual,fouRth
r1,Saks,casual,fouRth
r1,Saks,casual,fouRth
r1,Saks,casual,fouRth
r1,Saks,casual,fouRth
r1,Saks,casual,fouRth
r1,Saks,casual,fouRth
r1,Saks,casual,fouRth
r1,Saks,casual,fouRth
r1,Saks,casual,fouRth
r1,Saks,casual,fouRth
r1,Saks,casual,fouRth
r1,Saks,casual,fouRth
r1,Saks,casual,fouRth
r1,Saks,casual,flooR
r1,Saks,casual,flooR
r1,Saks,casual,flooR
r1,Saks,casual,flooR
r1,Saks,casual,flooR
r1,Saks,casual,flooR
r1,Saks,casual,flooR
r1,Saks,casual,flooR
r1,Saks,casual,flooR
r1,Saks,casual,flooR
r1,Saks,casual,flooR
r1,Saks,casual,flooR
r1,Saks,casual,flooR
r1,Saks,casual,flooR
r1,Saks,casual,flooR
r1,Saks,casual,flooR
r1,Saks,casual,flooR
r1,Saks,casual,flooR
r1,Saks,casual,flooR
r1,Saks,casual,flooR
r1,Saks,casual,flooR
r1,Saks,casual,flooR
r1,Saks,casual,flooR
r1,Saks,casual,flooR
r1,Saks,casual,flooR
r1,Saks,casual,flooR
r1,Saks,casual,flooR
r1,Saks,casual,flooR
r1,Saks,casual,flooR
r1,Saks,casual,flooR
r1,Saks,casual,flooR
r1,Saks,emphatic,fouRth
r1,Saks,emphatic,fouRth
r1,Saks,emphatic,fouRth
r1,Saks,emphatic,fouRth
r1,Saks,emphatic,fouRth
r1,Saks,emphatic,fouRth
r1,Saks,emphatic,fouRth
r1,Saks,emphatic,fouRth
r1,Saks,emphatic,fouRth
r1,Saks,emphatic,fouRth
r1,Saks,emphatic,fouRth
r1,Saks,emphatic,fouRth
r1,Saks,emphatic,fouRth
r1,Saks,emphatic,fouRth
r1,Saks,emphatic,fouRth
r1,Saks,emphatic,fouRth
r1,Saks,emphatic,flooR
r1,Saks,emphatic,flooR
r1,Saks,emphatic,flooR
r1,Saks,emphatic,flooR
r1,Saks,emphatic,flooR
r1,Saks,emphatic,flooR
r1,Saks,emphatic,flooR
r1,Saks,emphatic,flooR
r1,Saks,emphatic,flooR
r1,Saks,emphatic,flooR
r1,Saks,emphatic,flooR
r1,Saks,emphatic,flooR
r1,Saks,emphatic,flooR
r1,Saks,emphatic,flooR
r1,Saks,emphatic,flooR
r1,Saks,emphatic,flooR
r1,Saks,emphatic,flooR
r1,Saks,emphatic,flooR
r1,Saks,emphatic,flooR
r1,Saks,emphatic,flooR
r1,Saks,emphatic,flooR
r1,Macys,casual,fouRth
r1,Macys,casual,fouRth
r1,Macys,casual,fouRth
r1,Macys,casual,fouRth
r1,Macys,casual,fouRth
r1,Macys,casual,fouRth
r1,Macys,casual,fouRth
r1,Macys,casual,fouRth
r1,Macys,casual,fouRth
r1,Macys,casual,fouRth
r1,Macys,casual,fouRth
r1,Macys,casual,fouRth
r1,Macys,casual,fouRth
r1,Macys,casual,fouRth
r1,Macys,casual,fouRth
r1,Macys,casual,fouRth
r1,Macys,casual,fouRth
r1,Macys,casual,fouRth
r1,Macys,casual,fouRth
r1,Macys,casual,fouRth
r1,Macys,casual,fouRth
r1,Macys,casual,fouRth
r1,Macys,casual,fouRth
r1,Macys,casual,fouRth
r1,Macys,casual,fouRth
r1,Macys,casual,fouRth
r1,Macys,casual,fouRth
r1,Macys,casual,fouRth
r1,Macys,casual,fouRth
r1,Macys,casual,fouRth
r1,Macys,casual,fouRth
r1,Macys,casual,fouRth
r1,Macys,casual,fouRth
r1,Macys,casual,flooR
r1,Macys,casual,flooR
r1,Macys,casual,flooR
r1,Macys,casual,flooR
r1,Macys,casual,flooR
r1,Macys,casual,flooR
r1,Macys,casual,flooR
r1,Macys,casual,flooR
r1,Macys,casual,flooR
r1,Macys,casual,flooR
r1,Macys,casual,flooR
r1,Macys,casual,flooR
r1,Macys,casual,flooR
r1,Macys,casual,flooR
r1,Macys,casual,flooR
r1,Macys,casual,flooR
r1,Macys,casual,flooR
r1,Macys,casual,flooR
r1,Macys,casual,flooR
r1,Macys,casual,flooR
r1,Macys,casual,flooR
r1,Macys,casual,flooR
r1,Macys,casual,flooR
r1,Macys,casual,flooR
r1,Macys,casual,flooR
r1,Macys,casual,flooR
r1,Macys,casual,flooR
r1,Macys,casual,flooR
r1,Macys,casual,flooR
r1,Macys,casual,flooR
r1,Macys,casual,flooR
r1,Macys,casual,flooR
r1,Macys,casual,flooR
r1,Macys,casual,flooR
r1,Macys,casual,flooR
r1,Macys,casual,flooR
r1,Macys,casual,flooR
r1,Macys,casual,flooR
r1,Macys,casual,flooR
r1,Macys,casual,flooR
r1,Macys,casual,flooR
r1,Macys,casual,flooR
r1,Macys,casual,flooR
r1,Macys,casual,flooR
r1,Macys,casual,flooR
r1,Macys,casual,flooR
r1,Macys,casual,flooR
r1,Macys,casual,flooR
r1,Macys,emphatic,fouRth
r1,Macys,emphatic,fouRth
r1,Macys,emphatic,fouRth
r1,Macys,emphatic,fouRth
r1,Macys,emphatic,fouRth
r1,Macys,emphatic,fouRth
r1,Macys,emphatic,fouRth
r1,Macys,emphatic,fouRth
r1,Macys,emphatic,fouRth
r1,Macys,emphatic,fouRth
r1,Macys,emphatic,fouRth
r1,Macys,emphatic,fouRth
r1,Macys,emphatic,fouRth
r1,Macys,emphatic,flooR
r1,Macys,emphatic,flooR
r1,Macys,emphatic,flooR
r1,Macys,emphatic,flooR
r1,Macys,emphatic,flooR
r1,Macys,emphatic,flooR
r1,Macys,emphatic,flooR
r1,Macys,emphatic,flooR
r1,Macys,emphatic,flooR
r1,Macys,emphatic,flooR
r1,Macys,emphatic,flooR
r1,Macys,emphatic,flooR
r1,Macys,emphatic,flooR
r1,Macys,emphatic,flooR
r1,Macys,emphatic,flooR
r1,Macys,emphatic,flooR
r1,Macys,emphatic,flooR
r1,Macys,emphatic,flooR
r1,Macys,emphatic,flooR
r1,Macys,emphatic,flooR
r1,Macys,emphatic,flooR
r1,Macys,emphatic,flooR
r1,Macys,emphatic,flooR
r1,Macys,emphatic,flooR
r1,Macys,emphatic,flooR
r1,Macys,emphatic,flooR
r1,Macys,emphatic,flooR
r1,Macys,emphatic,flooR
r1,Macys,emphatic,flooR
r1,Macys,emphatic,flooR
r1,Macys,emphatic,flooR
r1,Klein,casual,fouRth
r1,Klein,casual,fouRth
r1,Klein,casual,fouRth
r1,Klein,casual,flooR
r1,Klein,casual,flooR
r1,Klein,casual,flooR
r1,Klein,casual,flooR
r1,Klein,casual,flooR
r1,Klein,emphatic,fouRth
r1,Klein,emphatic,fouRth
r1,Klein,emphatic,fouRth
r1,Klein,emphatic,fouRth
r1,Klein,emphatic,fouRth
r1,Klein,emphatic,fouRth
r1,Klein,emphatic,flooR
r1,Klein,emphatic,flooR
r1,Klein,emphatic,flooR
r1,Klein,emphatic,flooR
r1,Klein,emphatic,flooR
r1,Klein,emphatic,flooR
r1,Klein,emphatic,flooR
r0,Saks,casual,fouRth
r0,Saks,casual,fouRth
r0,Saks,casual,fouRth
r0,Saks,casual,fouRth
r0,Saks,casual,fouRth
r0,Saks,casual,fouRth
r0,Saks,casual,fouRth
r0,Saks,casual,fouRth
r0,Saks,casual,fouRth
r0,Saks,casual,fouRth
r0,Saks,casual,fouRth
r0,Saks,casual,fouRth
r0,Saks,casual,fouRth
r0,Saks,casual,fouRth
r0,Saks,casual,fouRth
r0,Saks,casual,fouRth
r0,Saks,casual,fouRth
r0,Saks,casual,fouRth
r0,Saks,casual,fouRth
r0,Saks,casual,fouRth
r0,Saks,casual,fouRth
r0,Saks,casual,fouRth
r0,Saks,casual,fouRth
r0,Saks,casual,fouRth
r0,Saks,casual,fouRth
r0,Saks,casual,fouRth
r0,Saks,casual,fouRth
r0,Saks,casual,fouRth
r0,Saks,casual,fouRth
r0,Saks,casual,fouRth
r0,Saks,casual,fouRth
r0,Saks,casual,fouRth
r0,Saks,casual,fouRth
r0,Saks,casual,fouRth
r0,Saks,casual,fouRth
r0,Saks,casual,fouRth
r0,Saks,casual,fouRth
r0,Saks,casual,fouRth
r0,Saks,casual,fouRth
r0,Saks,casual,flooR
r0,Saks,casual,flooR
r0,Saks,casual,flooR
r0,Saks,casual,flooR
r0,Saks,casual,flooR
r0,Saks,casual,flooR
r0,Saks,casual,flooR
r0,Saks,casual,flooR
r0,Saks,casual,flooR
r0,Saks,casual,flooR
r0,Saks,casual,flooR
r0,Saks,casual,flooR
r0,Saks,casual,flooR
r0,Saks,casual,flooR
r0,Saks,casual,flooR
r0,Saks,casual,flooR
r0,Saks,casual,flooR
r0,Saks,casual,flooR
r0,Saks,emphatic,fouRth
r0,Saks,emphatic,fouRth
r0,Saks,emphatic,fouRth
r0,Saks,emphatic,fouRth
r0,Saks,emphatic,fouRth
r0,Saks,emphatic,fouRth
r0,Saks,emphatic,fouRth
r0,Saks,emphatic,fouRth
r0,Saks,emphatic,fouRth
r0,Saks,emphatic,fouRth
r0,Saks,emphatic,fouRth
r0,Saks,emphatic,fouRth
r0,Saks,emphatic,fouRth
r0,Saks,emphatic,fouRth
r0,Saks,emphatic,fouRth
r0,Saks,emphatic,fouRth
r0,Saks,emphatic,fouRth
r0,Saks,emphatic,fouRth
r0,Saks,emphatic,fouRth
r0,Saks,emphatic,fouRth
r0,Saks,emphatic,fouRth
r0,Saks,emphatic,fouRth
r0,Saks,emphatic,fouRth
r0,Saks,emphatic,fouRth
r0,Saks,emphatic,flooR
r0,Saks,emphatic,flooR
r0,Saks,emphatic,flooR
r0,Saks,emphatic,flooR
r0,Saks,emphatic,flooR
r0,Saks,emphatic,flooR
r0,Saks,emphatic,flooR
r0,Saks,emphatic,flooR
r0,Saks,emphatic,flooR
r0,Saks,emphatic,flooR
r0,Saks,emphatic,flooR
r0,Saks,emphatic,flooR
r0,Macys,casual,fouRth
r0,Macys,casual,fouRth
r0,Macys,casual,fouRth
r0,Macys,casual,fouRth
r0,Macys,casual,fouRth
r0,Macys,casual,fouRth
r0,Macys,casual,fouRth
r0,Macys,casual,fouRth
r0,Macys,casual,fouRth
r0,Macys,casual,fouRth
r0,Macys,casual,fouRth
r0,Macys,casual,fouRth
r0,Macys,casual,fouRth
r0,Macys,casual,fouRth
r0,Macys,casual,fouRth
r0,Macys,casual,fouRth
r0,Macys,casual,fouRth
r0,Macys,casual,fouRth
r0,Macys,casual,fouRth
r0,Macys,casual,fouRth
r0,Macys,casual,fouRth
r0,Macys,casual,fouRth
r0,Macys,casual,fouRth
r0,Macys,casual,fouRth
r0,Macys,casual,fouRth
r0,Macys,casual,fouRth
r0,Macys,casual,fouRth
r0,Macys,casual,fouRth
r0,Macys,casual,fouRth
r0,Macys,casual,fouRth
r0,Macys,casual,fouRth
r0,Macys,casual,fouRth
r0,Macys,casual,fouRth
r0,Macys,casual,fouRth
r0,Macys,casual,fouRth
r0,Macys,casual,fouRth
r0,Macys,casual,fouRth
r0,Macys,casual,fouRth
r0,Macys,casual,fouRth
r0,Macys,casual,fouRth
r0,Macys,casual,fouRth
r0,Macys,casual,fouRth
r0,Macys,casual,fouRth
r0,Macys,casual,fouRth
r0,Macys,casual,fouRth
r0,Macys,casual,fouRth
r0,Macys,casual,fouRth
r0,Macys,casual,fouRth
r0,Macys,casual,fouRth
r0,Macys,casual,fouRth
r0,Macys,casual,fouRth
r0,Macys,casual,fouRth
r0,Macys,casual,fouRth
r0,Macys,casual,fouRth
r0,Macys,casual,fouRth
r0,Macys,casual,fouRth
r0,Macys,casual,fouRth
r0,Macys,casual,fouRth
r0,Macys,casual,fouRth
r0,Macys,casual,fouRth
r0,Macys,casual,fouRth
r0,Macys,casual,fouRth
r0,Macys,casual,fouRth
r0,Macys,casual,fouRth
r0,Macys,casual,fouRth
r0,Macys,casual,fouRth
r0,Macys,casual,fouRth
r0,Macys,casual,fouRth
r0,Macys,casual,fouRth
r0,Macys,casual,fouRth
r0,Macys,casual,fouRth
r0,Macys,casual,fouRth
r0,Macys,casual,fouRth
r0,Macys,casual,fouRth
r0,Macys,casual,fouRth
r0,Macys,casual,fouRth
r0,Macys,casual,fouRth
r0,Macys,casual,fouRth
r0,Macys,casual,fouRth
r0,Macys,casual,fouRth
r0,Macys,casual,fouRth
r0,Macys,casual,flooR
r0,Macys,casual,flooR
r0,Macys,casual,flooR
r0,Macys,casual,flooR
r0,Macys,casual,flooR
r0,Macys,casual,flooR
r0,Macys,casual,flooR
r0,Macys,casual,flooR
r0,Macys,casual,flooR
r0,Macys,casual,flooR
r0,Macys,casual,flooR
r0,Macys,casual,flooR
r0,Macys,casual,flooR
r0,Macys,casual,flooR
r0,Macys,casual,flooR
r0,Macys,casual,flooR
r0,Macys,casual,flooR
r0,Macys,casual,flooR
r0,Macys,casual,flooR
r0,Macys,casual,flooR
r0,Macys,casual,flooR
r0,Macys,casual,flooR
r0,Macys,casual,flooR
r0,Macys,casual,flooR
r0,Macys,casual,flooR
r0,Macys,casual,flooR
r0,Macys,casual,flooR
r0,Macys,casual,flooR
r0,Macys,casual,flooR
r0,Macys,casual,flooR
r0,Macys,casual,flooR
r0,Macys,casual,flooR
r0,Macys,casual,flooR
r0,Macys,casual,flooR
r0,Macys,casual,flooR
r0,Macys,casual,flooR
r0,Macys,casual,flooR
r0,Macys,casual,flooR
r0,Macys,casual,flooR
r0,Macys,casual,flooR
r0,Macys,casual,flooR
r0,Macys,casual,flooR
r0,Macys,casual,flooR
r0,Macys,casual,flooR
r0,Macys,casual,flooR
r0,Macys,casual,flooR
r0,Macys,casual,flooR
r0,Macys,casual,flooR
r0,Macys,casual,flooR
r0,Macys,casual,flooR
r0,Macys,casual,flooR
r0,Macys,casual,flooR
r0,Macys,casual,flooR
r0,Macys,casual,flooR
r0,Macys,casual,flooR
r0,Macys,casual,flooR
r0,Macys,casual,flooR
r0,Macys,casual,flooR
r0,Macys,casual,flooR
r0,Macys,casual,flooR
r0,Macys,casual,flooR
r0,Macys,casual,flooR
r0,Macys,emphatic,fouRth
r0,Macys,emphatic,fouRth
r0,Macys,emphatic,fouRth
r0,Macys,emphatic,fouRth
r0,Macys,emphatic,fouRth
r0,Macys,emphatic,fouRth
r0,Macys,emphatic,fouRth
r0,Macys,emphatic,fouRth
r0,Macys,emphatic,fouRth
r0,Macys,emphatic,fouRth
r0,Macys,emphatic,fouRth
r0,Macys,emphatic,fouRth
r0,Macys,emphatic,fouRth
r0,Macys,emphatic,fouRth
r0,Macys,emphatic,fouRth
r0,Macys,emphatic,fouRth
r0,Macys,emphatic,fouRth
r0,Macys,emphatic,fouRth
r0,Macys,emphatic,fouRth
r0,Macys,emphatic,fouRth
r0,Macys,emphatic,fouRth
r0,Macys,emphatic,fouRth
r0,Macys,emphatic,fouRth
r0,Macys,emphatic,fouRth
r0,Macys,emphatic,fouRth
r0,Macys,emphatic,fouRth
r0,Macys,emphatic,fouRth
r0,Macys,emphatic,fouRth
r0,Macys,emphatic,fouRth
r0,Macys,emphatic,fouRth
r0,Macys,emphatic,fouRth
r0,Macys,emphatic,fouRth
r0,Macys,emphatic,fouRth
r0,Macys,emphatic,fouRth
r0,Macys,emphatic,fouRth
r0,Macys,emphatic,fouRth
r0,Macys,emphatic,fouRth
r0,Macys,emphatic,fouRth
r0,Macys,emphatic,fouRth
r0,Macys,emphatic,fouRth
r0,Macys,emphatic,fouRth
r0,Macys,emphatic,fouRth
r0,Macys,emphatic,fouRth
r0,Macys,emphatic,fouRth
r0,Macys,emphatic,fouRth
r0,Macys,emphatic,fouRth
r0,Macys,emphatic,fouRth
r0,Macys,emphatic,fouRth
r0,Macys,emphatic,flooR
r0,Macys,emphatic,flooR
r0,Macys,emphatic,flooR
r0,Macys,emphatic,flooR
r0,Macys,emphatic,flooR
r0,Macys,emphatic,flooR
r0,Macys,emphatic,flooR
r0,Macys,emphatic,flooR
r0,Macys,emphatic,flooR
r0,Macys,emphatic,flooR
r0,Macys,emphatic,flooR
r0,Macys,emphatic,flooR
r0,Macys,emphatic,flooR
r0,Macys,emphatic,flooR
r0,Macys,emphatic,flooR
r0,Macys,emphatic,flooR
r0,Macys,emphatic,flooR
r0,Macys,emphatic,flooR
r0,Macys,emphatic,flooR
r0,Macys,emphatic,flooR
r0,Klein,casual,fouRth
r0,Klein,casual,fouRth
r0,Klein,casual,fouRth
r0,Klein,casual,fouRth
r0,Klein,casual,fouRth
r0,Klein,casual,fouRth
r0,Klein,casual,fouRth
r0,Klein,casual,fouRth
r0,Klein,casual,fouRth
r0,Klein,casual,fouRth
r0,Klein,casual,fouRth
r0,Klein,casual,fouRth
r0,Klein,casual,fouRth
r0,Klein,casual,fouRth
r0,Klein,casual,fouRth
r0,Klein,casual,fouRth
r0,Klein,casual,fouRth
r0,Klein,casual,fouRth
r0,Klein,casual,fouRth
r0,Klein,casual,fouRth
r0,Klein,casual,fouRth
r0,Klein,casual,fouRth
r0,Klein,casual,fouRth
r0,Klein,casual,fouRth
r0,Klein,casual,fouRth
r0,Klein,casual,fouRth
r0,Klein,casual,fouRth
r0,Klein,casual,fouRth
r0,Klein,casual,fouRth
r0,Klein,casual,fouRth
r0,Klein,casual,fouRth
r0,Klein,casual,fouRth
r0,Klein,casual,fouRth
r0,Klein,casual,fouRth
r0,Klein,casual,fouRth
r0,Klein,casual,fouRth
r0,Klein,casual,fouRth
r0,Klein,casual,fouRth
r0,Klein,casual,fouRth
r0,Klein,casual,fouRth
r0,Klein,casual,fouRth
r0,Klein,casual,fouRth
r0,Klein,casual,fouRth
r0,Klein,casual,fouRth
r0,Klein,casual,fouRth
r0,Klein,casual,fouRth
r0,Klein,casual,fouRth
r0,Klein,casual,fouRth
r0,Klein,casual,fouRth
r0,Klein,casual,fouRth
r0,Klein,casual,fouRth
r0,Klein,casual,fouRth
r0,Klein,casual,fouRth
r0,Klein,casual,fouRth
r0,Klein,casual,fouRth
r0,Klein,casual,fouRth
r0,Klein,casual,fouRth
r0,Klein,casual,fouRth
r0,Klein,casual,fouRth
r0,Klein,casual,fouRth
r0,Klein,casual,fouRth
r0,Klein,casual,fouRth
r0,Klein,casual,fouRth
r0,Klein,casual,flooR
r0,Klein,casual,flooR
r0,Klein,casual,flooR
r0,Klein,casual,flooR
r0,Klein,casual,flooR
r0,Klein,casual,flooR
r0,Klein,casual,flooR
r0,Klein,casual,flooR
r0,Klein,casual,flooR
r0,Klein,casual,flooR
r0,Klein,casual,flooR
r0,Klein,casual,flooR
r0,Klein,casual,flooR
r0,Klein,casual,flooR
r0,Klein,casual,flooR
r0,Klein,casual,flooR
r0,Klein,casual,flooR
r0,Klein,casual,flooR
r0,Klein,casual,flooR
r0,Klein,casual,flooR
r0,Klein,casual,flooR
r0,Klein,casual,flooR
r0,Klein,casual,flooR
r0,Klein,casual,flooR
r0,Klein,casual,flooR
r0,Klein,casual,flooR
r0,Klein,casual,flooR
r0,Klein,casual,flooR
r0,Klein,casual,flooR
r0,Klein,casual,flooR
r0,Klein,casual,flooR
r0,Klein,casual,flooR
r0,Klein,casual,flooR
r0,Klein,casual,flooR
r0,Klein,casual,flooR
r0,Klein,casual,flooR
r0,Klein,casual,flooR
r0,Klein,casual,flooR
r0,Klein,casual,flooR
r0,Klein,casual,flooR
r0,Klein,casual,flooR
r0,Klein,casual,flooR
r0,Klein,casual,flooR
r0,Klein,casual,flooR
r0,Klein,casual,flooR
r0,Klein,casual,flooR
r0,Klein,casual,flooR
r0,Klein,casual,flooR
r0,Klein,casual,flooR
r0,Klein,casual,flooR
r0,Klein,casual,flooR
r0,Klein,casual,flooR
r0,Klein,casual,flooR
r0,Klein,casual,flooR
r0,Klein,casual,flooR
r0,Klein,casual,flooR
r0,Klein,casual,flooR
r0,Klein,casual,flooR
r0,Klein,casual,flooR
r0,Klein,emphatic,fouRth
r0,Klein,emphatic,fouRth
r0,Klein,emphatic,fouRth
r0,Klein,emphatic,fouRth
r0,Klein,emphatic,fouRth
r0,Klein,emphatic,fouRth
r0,Klein,emphatic,fouRth
r0,Klein,emphatic,fouRth
r0,Klein,emphatic,fouRth
r0,Klein,emphatic,fouRth
r0,Klein,emphatic,fouRth
r0,Klein,emphatic,fouRth
r0,Klein,emphatic,fouRth
r0,Klein,emphatic,fouRth
r0,Klein,emphatic,fouRth
r0,Klein,emphatic,fouRth
r0,Klein,emphatic,fouRth
r0,Klein,emphatic,fouRth
r0,Klein,emphatic,fouRth
r0,Klein,emphatic,fouRth
r0,Klein,emphatic,fouRth
r0,Klein,emphatic,fouRth
r0,Klein,emphatic,fouRth
r0,Klein,emphatic,fouRth
r0,Klein,emphatic,fouRth
r0,Klein,emphatic,fouRth
r0,Klein,emphatic,fouRth
r0,Klein,emphatic,fouRth
r0,Klein,emphatic,fouRth
r0,Klein,emphatic,fouRth
r0,Klein,emphatic,fouRth
r0,Klein,emphatic,fouRth
r0,Klein,emphatic,fouRth
r0,Klein,emphatic,fouRth
r0,Klein,emphatic,fouRth
r0,Klein,emphatic,fouRth
r0,Klein,emphatic,fouRth
r0,Klein,emphatic,fouRth
r0,Klein,emphatic,fouRth
r0,Klein,emphatic,fouRth
r0,Klein,emphatic,flooR
r0,Klein,emphatic,flooR
r0,Klein,emphatic,flooR
r0,Klein,emphatic,flooR
r0,Klein,emphatic,flooR
r0,Klein,emphatic,flooR
r0,Klein,emphatic,flooR
r0,Klein,emphatic,flooR
r0,Klein,emphatic,flooR
r0,Klein,emphatic,flooR
r0,Klein,emphatic,flooR
r0,Klein,emphatic,flooR
r0,Klein,emphatic,flooR
r0,Klein,emphatic,flooR
r0,Klein,emphatic,flooR
r0,Klein,emphatic,flooR
r0,Klein,emphatic,flooR
r0,Klein,emphatic,flooR
r0,Klein,emphatic,flooR
r0,Klein,emphatic,flooR
r0,Klein,emphatic,flooR
r0,Klein,emphatic,flooR
r0,Klein,emphatic,flooR
r0,Klein,emphatic,flooR
r0,Klein,emphatic,flooR
r0,Klein,emphatic,flooR
r0,Klein,emphatic,flooR
r0,Klein,emphatic,flooR
r0,Klein,emphatic,flooR
r0,Klein,emphatic,flooR
r0,Klein,emphatic,flooR
r0,Klein,emphatic,flooR
r0,Klein,emphatic,flooR